{"cameraMode":{"drawMode":0,"name":"Shaded","section":"Shading Mode"},"sceneLighting":false,"audioPlay":false,"sceneViewState":{"m_AlwaysRefresh":false,"showFog":true,"showSkybox":false,"showFlares":true,"showImageEffects":true,"showParticleSystems":true,"showVisualEffectGraphs":true,"m_FxEnabled":true},"in2DMode":false,"pivot":{"x":-2.9412944316864015,"y":3.8608903884887697,"z":1.3071666955947877},"rotation":{"x":0.06729800999164581,"y":-0.5135769844055176,"z":0.04044754430651665,"w":0.854449450969696},"size":1.6855770349502564,"orthographic":false}